{"loss": [0.5442453026771545, 0.27576759457588196, 0.18149450421333313, 0.1259000450372696, 0.10745619982481003, 0.10019267350435257, 0.09539813548326492, 0.0925602987408638, 0.089934341609478, 0.08774138987064362, 0.08557571470737457, 0.0836280956864357, 0.08217491954565048, 0.08046938478946686, 0.07911956310272217, 0.07800937443971634, 0.07655280828475952, 0.07576656341552734, 0.07444588094949722, 0.07385952025651932, 0.07338026165962219, 0.07268592715263367, 0.07138418406248093, 0.07104744017124176, 0.07022945582866669, 0.06961186230182648, 0.06913121044635773, 0.06856313347816467, 0.06795752793550491, 0.06743860244750977, 0.06688345223665237, 0.06633151322603226, 0.065760537981987, 0.06510388851165771, 0.06476455926895142, 0.06410203874111176, 0.06351709365844727, 0.06347008049488068, 0.06269107013940811, 0.06232623755931854, 0.061799392104148865, 0.06133603677153587, 0.06092141568660736, 0.060379426926374435, 0.0600622333586216, 0.05972597375512123, 0.05939381569623947, 0.058631982654333115, 0.05805934965610504, 0.05804930999875069, 0.0572577528655529, 0.05663829669356346, 0.05652488023042679, 0.05603056028485298, 0.055706996470689774, 0.055233508348464966, 0.05483309179544449, 0.05437885969877243, 0.05404823273420334, 0.053492866456508636, 0.05308450385928154, 0.05284923315048218, 0.05224279314279556, 0.05200110748410225, 0.051619525998830795, 0.05125050991773605, 0.05090012028813362, 0.05033687502145767, 0.05029711872339249, 0.05014205724000931, 0.0495951883494854, 0.049358874559402466, 0.04873929172754288, 0.04839714989066124, 0.048168182373046875, 0.048016633838415146, 0.047354571521282196, 0.04713624343276024, 0.04683548957109451, 0.046747174113988876, 0.04619172215461731, 0.04576755315065384, 0.04565829038619995, 0.04500726982951164, 0.044969234615564346, 0.044566716998815536, 0.04460841044783592, 0.044041603803634644, 0.043729521334171295, 0.04337484762072563, 0.04311368614435196, 0.042536698281764984, 0.04263783618807793, 0.0421951562166214, 0.04176781699061394, 0.04135608300566673, 0.04147162288427353, 0.040927719324827194, 0.0404520146548748, 0.04015573859214783], "accuracy": [0.8779410719871521, 0.9902361035346985, 0.9879351258277893, 0.9868878126144409, 0.9858542680740356, 0.9840896725654602, 0.9832166433334351, 0.9833245277404785, 0.982819139957428, 0.9819139242172241, 0.9829686880111694, 0.9814443588256836, 0.9819416999816895, 0.9813629984855652, 0.9809185266494751, 0.9809085726737976, 0.9808419942855835, 0.9808194637298584, 0.9803905487060547, 0.9802719354629517, 0.9798181056976318, 0.980505645275116, 0.9806421995162964, 0.9797516465187073, 0.9804081916809082, 0.9798976182937622, 0.9795077443122864, 0.9800960421562195, 0.9794207215309143, 0.9796367287635803, 0.9801514148712158, 0.9800217747688293, 0.9799356460571289, 0.9794279932975769, 0.9792580604553223, 0.9801763296127319, 0.9793248772621155, 0.9797133803367615, 0.9791450500488281, 0.9800825715065002, 0.979185938835144, 0.9796483516693115, 0.9792865514755249, 0.9795041680335999, 0.9791517853736877, 0.9790447950363159, 0.9795373678207397, 0.9792568683624268, 0.9794362783432007, 0.9795136451721191, 0.9792512059211731, 0.9794308543205261, 0.9788063168525696, 0.9793602228164673, 0.9791579842567444, 0.9787701964378357, 0.9793453216552734, 0.9789853096008301, 0.9790663123130798, 0.9793786406517029, 0.9792408347129822, 0.9790645837783813, 0.9794185757637024, 0.9789818525314331, 0.9789309501647949, 0.9789146184921265, 0.9788624048233032, 0.9795963168144226, 0.9789807200431824, 0.9790303111076355, 0.978746771812439, 0.979573667049408, 0.9788301587104797, 0.9792517423629761, 0.9793089032173157, 0.9789600372314453, 0.9796332120895386, 0.9786280393600464, 0.9795407652854919, 0.9795200228691101, 0.9795211553573608, 0.9782650470733643, 0.9797084927558899, 0.9799554347991943, 0.9789025783538818, 0.9794808030128479, 0.9786858558654785, 0.9796460270881653, 0.9788445830345154, 0.9789483547210693, 0.9791050553321838, 0.9798890948295593, 0.9787008166313171, 0.9792336225509644, 0.9795705676078796, 0.9790427088737488, 0.9795945882797241, 0.9796240329742432, 0.9788759350776672, 0.979145884513855], "val_loss": [0.3043011426925659, 0.22488047182559967, 0.14767199754714966, 0.11150438338518143, 0.09998665004968643, 0.09395711123943329, 0.09427225589752197, 0.08575283735990524, 0.08296708762645721, 0.08272463828325272, 0.0792815089225769, 0.07864177972078323, 0.07414830476045609, 0.07263129204511642, 0.07314364612102509, 0.06888750195503235, 0.06906070560216904, 0.0668894574046135, 0.06578076630830765, 0.06557603180408478, 0.06540245562791824, 0.06436192244291306, 0.06327471882104874, 0.06288859248161316, 0.06122790649533272, 0.06278391927480698, 0.060212984681129456, 0.05926011875271797, 0.05886700004339218, 0.0612356923520565, 0.057566843926906586, 0.057215943932533264, 0.05611548200249672, 0.05615140497684479, 0.05643860995769501, 0.05476854741573334, 0.05493569374084473, 0.05396448075771332, 0.05446380004286766, 0.054055847227573395, 0.053448811173439026, 0.05288496986031532, 0.052340541034936905, 0.0513451062142849, 0.05155317485332489, 0.050978709012269974, 0.05057006701827049, 0.053982559591531754, 0.049285873770713806, 0.04930237680673599, 0.0487549789249897, 0.04851681366562843, 0.04802762344479561, 0.04748563468456268, 0.046693895012140274, 0.047626569867134094, 0.046173110604286194, 0.04829230159521103, 0.04587670788168907, 0.04499097168445587, 0.044765081256628036, 0.0448034405708313, 0.043915607035160065, 0.044452328234910965, 0.04339512437582016, 0.0448019914329052, 0.04559244215488434, 0.04289873316884041, 0.04215290769934654, 0.04208291321992874, 0.04274359717965126, 0.04105714336037636, 0.040624991059303284, 0.040395405143499374, 0.040776338428258896, 0.040031444281339645, 0.039732955396175385, 0.03968131169676781, 0.03911788761615753, 0.038353148847818375, 0.0377315878868103, 0.03812859579920769, 0.03770874813199043, 0.038799215108156204, 0.037780825048685074, 0.03729934245347977, 0.03679705783724785, 0.035733792930841446, 0.03592002019286156, 0.03634023666381836, 0.035327889025211334, 0.03565811738371849, 0.03461155667901039, 0.03439074754714966, 0.033979564905166626, 0.033709827810525894, 0.03361309692263603, 0.03258111700415611, 0.032472413033246994, 0.032684773206710815],