{"loss": [0.14490151405334473, 0.11393029242753983, 0.10033570975065231, 0.09224496781826019, 0.08695944398641586, 0.08339817821979523, 0.08061812818050385, 0.0784647986292839, 0.07653584331274033, 0.07479492574930191, 0.0731777548789978, 0.07166047394275665, 0.06988279521465302, 0.06833890080451965, 0.0671902745962143, 0.06633096933364868, 0.06545112282037735, 0.0644582211971283, 0.06382666528224945, 0.06315868347883224, 0.062498848885297775, 0.06170685589313507, 0.06079652160406113, 0.060208406299352646, 0.059769030660390854, 0.05887854844331741, 0.05856666341423988, 0.05799474939703941, 0.057530611753463745, 0.0571775808930397, 0.05664173513650894, 0.05622486770153046, 0.05573452636599541, 0.0554644800722599, 0.05492713302373886, 0.05469097942113876, 0.05431929975748062, 0.05377156287431717, 0.05363571271300316, 0.053160712122917175, 0.05280398204922676, 0.05261585861444473, 0.05223773419857025, 0.051740724593400955, 0.0514528825879097, 0.05095003917813301, 0.05049092695116997, 0.050368644297122955, 0.05003822222352028, 0.04959358647465706, 0.049398086965084076, 0.04892530292272568, 0.04875887557864189, 0.04829324409365654, 0.047778788954019547, 0.047779541462659836, 0.04742639139294624, 0.04718402028083801, 0.04684862494468689, 0.04631517082452774, 0.04595135897397995, 0.045830558985471725, 0.0454760380089283, 0.04509351775050163, 0.04481089860200882, 0.04428509622812271, 0.04403015598654747, 0.043633438646793365, 0.043182842433452606, 0.043049007654190063, 0.04229753091931343, 0.0421103797852993, 0.041567206382751465, 0.0412919744849205, 0.04074991121888161, 0.04036116600036621, 0.039873652160167694, 0.03970148414373398, 0.03890739381313324, 0.03859759494662285, 0.03811529278755188, 0.037686653435230255, 0.03678181394934654, 0.03612012043595314, 0.03574569150805473, 0.03510713204741478, 0.034567926079034805, 0.03380601480603218, 0.032516952604055405, 0.03183787688612938, 0.031186314299702644, 0.030443022027611732, 0.02955259010195732, 0.028568033128976822, 0.02745053730905056, 0.026320112869143486, 0.025119658559560776, 0.023921722546219826, 0.02246173657476902, 0.02128649689257145], "accuracy": [0.9977213144302368, 0.9987655282020569, 0.9974116683006287, 0.9951841831207275, 0.992624044418335, 0.9907568693161011, 0.9894380569458008, 0.9891828298568726, 0.9884130954742432, 0.9879466891288757, 0.9877282381057739, 0.9872007966041565, 0.9854945540428162, 0.9854902029037476, 0.986096203327179, 0.9849661588668823, 0.9843128323554993, 0.9841530323028564, 0.9837111234664917, 0.9846941828727722, 0.9835489392280579, 0.9835292100906372, 0.9831299781799316, 0.9841293096542358, 0.9827860593795776, 0.9832816123962402, 0.982449471950531, 0.9828224778175354, 0.981488823890686, 0.9816945791244507, 0.9821029901504517, 0.9808140397071838, 0.9813051819801331, 0.9812924861907959, 0.9810237288475037, 0.981158435344696, 0.9800952076911926, 0.9815777540206909, 0.9800283312797546, 0.9805110692977905, 0.9809280633926392, 0.9799106121063232, 0.9804716110229492, 0.9796292781829834, 0.9803465008735657, 0.9805760979652405, 0.9802095890045166, 0.9788166284561157, 0.9802972078323364, 0.9789233803749084, 0.9807866811752319, 0.98063063621521, 0.9790175557136536, 0.979777991771698, 0.9805452823638916, 0.979459285736084, 0.9790462255477905, 0.9794374108314514, 0.9796018004417419, 0.9790704250335693, 0.9800996780395508, 0.9796978831291199, 0.9794403910636902, 0.9796385169029236, 0.9796902537345886, 0.9796169400215149, 0.9797248840332031, 0.9804309010505676, 0.9790696501731873, 0.9795840382575989, 0.9795023202896118, 0.9793592691421509, 0.9798526167869568, 0.9797428250312805, 0.9803849458694458, 0.979733943939209, 0.9798874258995056, 0.9800323843955994, 0.9800402522087097, 0.9793592691421509, 0.979890763759613, 0.9802724719047546, 0.9801284074783325, 0.9804947972297668, 0.9793919324874878, 0.9805753231048584, 0.9800681471824646, 0.9805275201797485, 0.980043888092041, 0.9809162616729736, 0.980821967124939, 0.9801594018936157, 0.9812800884246826, 0.9807358980178833, 0.9809406995773315, 0.9805581569671631, 0.9801746606826782, 0.9810247421264648, 0.981061577796936, 0.9805825352668762], "val_loss": [0.12259123474359512, 0.10408321022987366, 0.09227857738733292, 0.08479105681180954, 0.07983671873807907, 0.07682690769433975, 0.07453608512878418, 0.0708812028169632, 0.06951702386140823, 0.06798607110977173, 0.06543117016553879, 0.06351277232170105, 0.06116664409637451, 0.06037106364965439, 0.05874612182378769, 0.05752025917172432, 0.05704177916049957, 0.05622037872672081, 0.05530112609267235, 0.05479072406888008, 0.05372106656432152, 0.05351368337869644, 0.053122881799936295, 0.05283370241522789, 0.051480330526828766, 0.050708867609500885, 0.05051109567284584, 0.04955904185771942, 0.05028369277715683, 0.049571648240089417, 0.04829046502709389, 0.048859693109989166, 0.04767780378460884, 0.047209978103637695, 0.047278810292482376, 0.04650447145104408, 0.046532079577445984, 0.04562756046652794, 0.0455096960067749, 0.04538029432296753, 0.045224204659461975, 0.04489881917834282, 0.04424355924129486, 0.044747479259967804, 0.04362384229898453, 0.04296232387423515, 0.04278918355703354, 0.043386831879615784, 0.04221704229712486, 0.042983170598745346, 0.04204297810792923, 0.0411405935883522, 0.041183020919561386, 0.041161030530929565, 0.04136829078197479, 0.039811816066503525, 0.041286174207925797, 0.03981000557541847, 0.039241064339876175, 0.03936159983277321, 0.04081819951534271, 0.0380738340318203, 0.03800313547253609, 0.03747222572565079, 0.03712039813399315, 0.03939436376094818, 0.037427034229040146, 0.03563912957906723, 0.03608245775103569, 0.03510470315814018, 0.03819228336215019, 0.036882732063531876, 0.03654054179787636, 0.0335172601044178, 0.03380341827869415, 0.03202886879444122, 0.03282710909843445, 0.031958092004060745, 0.031176524236798286, 0.030229153111577034, 0.029676221311092377, 0.029060639441013336, 0.027992622926831245, 0.026941003277897835, 0.02799464389681816, 0.027256876230239868, 0.025487763807177544, 0.02453431487083435, 0.02455105260014534, 0.024012137204408646, 0.021231092512607574, 0.024938000366091728, 0.019766120240092278, 0.01808640919625759, 0.01635017804801464, 0.015795262530446053, 0.01672429032623768, 0.0147809823974967, 0.011190924793481827, 0.00960236694663763],